"category","subcategory","ID","Description","GeneRatio","BgRatio","RichFactor","FoldEnrichment","zScore","pvalue","p.adjust","qvalue","geneID","Count"
"Human Diseases","Immune disease","hsa05330","Allograft rejection","26/1170","39/9380",0.666666666666667,5.34472934472934,10.2635585683791,3.90601784092224e-15,1.34367013727725e-12,1.00322984545792e-12,"3108/3109/3113/958/3119/3111/3133/355/3115/3105/3117/3106/3107/940/3122/942/3112/3123/3134/3127/941/3120/7124/3592/3586/3135",26
"Human Diseases","Infectious disease: viral","hsa05168","Herpes simplex virus 1 infection","62/1170","180/9380",0.344444444444444,2.76144349477683,9.0076328309509,1.13390620342873e-14,1.54322033769582e-12,1.15222081517069e-12,"3108/3109/3113/6890/6891/972/8764/3717/3119/578/3111/3133/355/3115/718/3105/5371/3117/9641/6773/3106/6892/3107/4615/55080/3122/115004/6772/3112/567/3123/7098/596/3134/3665/3127/64135/6352/727/5818/3459/3120/330/7124/148022/6714/10379/3690/4792/3569/3592/6347/4049/5199/56000/4939/684/4938/4940/23586/3135/9021",62
"Human Diseases","Immune disease","hsa05321","Inflammatory bowel disease","34/1170","66/9380",0.515151515151515,4.13001813001813,9.63275078082033,1.50980535999262e-14,1.54322033769582e-12,1.15222081517069e-12,"64127/3108/3109/3113/4094/3594/3119/3111/7100/3115/3117/7040/3122/6772/3112/3123/30009/7099/6774/3127/4772/3561/3459/3120/7124/50615/3595/3569/3592/3606/6775/4088/3586/2625",34
"Human Diseases","Infectious disease: viral","hsa05169","Epstein-Barr virus infection","67/1170","205/9380",0.326829268292683,2.62022097144048,8.85416811064457,1.79444225313468e-14,1.54322033769582e-12,1.15222081517069e-12,"3108/3109/3113/6890/958/6891/10018/3119/578/3111/3133/355/3115/3105/5603/3117/9641/6773/3106/6892/3107/4615/55080/3383/3122/6772/4067/5971/3112/567/3123/29760/596/9541/3627/3134/6774/3665/3683/3127/4616/3718/1026/4794/5608/4791/890/3120/7124/9134/7128/10379/1870/4792/3569/1869/10912/5600/4939/2208/4938/898/4940/23586/3135/9636/8900",67
"Human Diseases","Immune disease","hsa05323","Rheumatoid arthritis","41/1170","95/9380",0.431578947368421,3.4600089968511,9.09718788399329,7.00030449336058e-14,4.81620949143208e-12,3.59594588711575e-12,"3108/3109/3113/8792/3119/3111/3115/3600/3117/940/3383/7040/3122/942/3112/3123/1493/245972/7099/523/3683/3127/6352/4050/10673/941/1514/3120/7124/2353/3569/6347/1435/3606/3576/2321/6374/6387/2919/8600/6348",41
"Environmental Information Processing","Signaling molecules and interaction","hsa04060","Cytokine-cytokine receptor interaction","83/1170","298/9380",0.278523489932886,2.23294900476108,8.16511146596333,3.39003234686533e-13,1.94361854553612e-11,1.45117174146516e-11,"9235/4283/3601/958/8792/8764/3594/1230/8743/6357/6373/5008/355/1439/3600/133396/1524/3556/1896/7040/3627/27242/8718/3563/6352/4050/10148/10673/3561/246778/6354/3459/1234/58191/6359/7124/50615/6355/7066/3557/944/943/3595/90865/3569/3592/2833/8995/8793/6347/8794/1435/3606/4049/3574/970/3576/3586/3575/6374/6387/652/2919/6351/8600/3977/6346/729230/4803/6362/1235/57007/5473/3559/27189/6348/51554/151449/1232/7850/5618/9560/6376",83
"Environmental Information Processing","Signaling molecules and interaction","hsa04061","Viral protein interaction with cytokine and cytokine receptor","41/1170","100/9380",0.41,3.28700854700855,8.67947426490669,5.61592835524220e-13,2.75982764886188e-11,2.06058123109639e-11,"4283/8764/1230/8743/6357/6373/1524/3627/6352/3561/6354/1234/6359/7124/6355/3569/2833/8793/6347/8794/1435/3606/4049/3576/3586/6374/6387/2919/6351/6346/729230/6362/1235/57007/5473/3559/6348/51554/1232/9560/6376",41
"Cellular Processes","Cell growth and death","hsa04110","Cell cycle","54/1170","158/9380",0.341772151898734,2.74001947419669,8.32663856636935,8.71967898539342e-13,3.74946196371917e-11,2.7994758847842e-11,"7040/1031/246184/8454/4616/1026/9133/991/701/890/7272/4174/157570/983/4175/4173/9134/4085/993/4176/7465/4171/4998/57082/81620/699/5347/9212/10403/90381/9088/1111/1870/995/9700/9319/23594/1030/8318/5933/990/1869/151648/1028/5111/10912/4172/26271/113130/1663/4088/898/8317/8900",54
"Human Diseases","Endocrine and metabolic disease","hsa04940","Type I diabetes mellitus","25/1170","44/9380",0.568181818181818,4.55516705516706,8.92289021872526,2.61866916202659e-12,1.00091354637461e-10,7.47316111736242e-11,"3108/3109/3113/3119/3111/3133/355/3115/3105/3117/3106/3107/940/3122/942/3112/3123/3134/3127/941/3120/7124/3592/4049/3135",25
"Human Diseases","Infectious disease: parasitic","hsa05140","Leishmaniasis","34/1170","78/9380",0.435897435897436,3.49463072539996,8.35151030016065,6.89287479360509e-12,2.37114892900015e-10,1.77038047330489e-10,"3108/3109/3113/3717/3119/3111/3115/718/653361/5603/3117/4615/2209/7040/3122/6772/4688/3112/3123/7099/65108/3127/3459/3120/2215/7124/1379/2353/4792/3592/5600/5743/1378/3586",34
"Organismal Systems","Immune system","hsa04640","Hematopoietic cell lineage","39/1170","100/9380",0.39,3.12666666666667,8.07095742056239,1.33559245339153e-11,4.1237247281524e-10,3.07891319972211e-10,"3108/3109/3113/952/3119/3111/1604/3115/3117/951/924/2209/3122/3112/3123/2323/4254/3127/909/3563/911/928/3120/7124/1379/7066/3690/910/3569/1435/3574/913/100133941/2208/1378/3575/914/3559/7850",39
"Human Diseases","Infectious disease: viral","hsa05164","Influenza A","55/1170","173/9380",0.317919075144509,2.5487871152611,7.76167273703762,1.43850862609967e-11,4.1237247281524e-10,3.07891319972211e-10,"3108/3109/3113/10241/4261/3717/5578/3119/8743/578/3111/355/3115/5371/3117/9641/6773/4615/3383/3122/6772/3841/3112/3123/7098/51284/834/7099/3627/103/3665/3127/64135/6352/3459/91543/3120/7124/148022/10379/90865/4792/3569/3592/6347/3606/56000/4939/4938/3576/4940/23586/7706/9021/4599",55
"Human Diseases","Immune disease","hsa05332","Graft-versus-host disease","24/1170","45/9380",0.533333333333333,4.27578347578348,8.31503159625194,4.4732340092614e-11,1.18368653783533e-09,8.83780646364197e-10,"3108/3109/3113/3119/3111/3133/355/3115/3105/3117/3106/3107/940/3122/942/3112/3123/3134/3127/941/3120/7124/3569/3135",24
"Organismal Systems","Immune system","hsa04658","Th1 and Th2 cell differentiation","36/1170","93/9380",0.387096774193548,3.10339123242349,7.69526235882002,1.05572916697066e-10,2.59407738169935e-09,1.93682644166047e-09,"3108/3109/3113/4094/3717/3594/3119/3111/3115/5603/3117/3122/6772/3112/6776/3123/30009/3127/4772/3718/3561/4794/3459/55534/3120/4853/4854/28514/2353/3595/4792/3592/5600/6775/2625/3559",36
"Human Diseases","Infectious disease: viral","hsa05166","Human T-cell leukemia virus 1 infection","63/1170","224/9380",0.28125,2.25480769230769,7.17542963244776,1.68044965233589e-10,3.8538312026903e-09,2.87740150996461e-09,"3108/3109/3113/8829/3601/958/3119/3111/3133/3115/3105/3600/3117/3106/3107/5423/3383/7040/3122/1031/5971/3112/567/6776/3123/246184/7538/3134/3683/3127/1959/4772/3718/3561/1026/9133/991/701/4791/890/196883/3120/7124/9134/4085/1111/2353/1870/9700/4792/2648/3569/1030/107/1869/4049/5567/4088/898/3135/8900/3559/7850",63
"Organismal Systems","Immune system","hsa04612","Antigen processing and presentation","33/1170","82/9380",0.402439024390244,3.22639149468418,7.64387030587274,1.89072944990622e-10,4.04856197313791e-09,3.02279412927065e-09,"3108/3109/3113/4261/6890/6891/972/5721/3119/10437/5720/3111/3133/3115/3105/5993/3117/3106/6892/3107/55080/1520/3122/3112/567/3123/3134/3127/1514/3120/7124/8302/3135",33
"Human Diseases","Cardiovascular disease","hsa05416","Viral myocarditis","30/1170","70/9380",0.428571428571429,3.43589743589744,7.72205335491944,2.00074283556234e-10,4.04856197313791e-09,3.02279412927065e-09,"3108/3109/3113/958/3119/3111/3133/1604/3115/3105/3117/3106/3107/940/3383/3122/942/3112/3123/3134/3683/3127/1525/941/3120/6645/8082/4625/3135/6444",30
"Organismal Systems","Immune system","hsa04659","Th17 cell differentiation","39/1170","109/9380",0.357798165137615,2.86850152905199,7.40701179551915,2.82706801509064e-10,5.40284109550656e-09,4.03394500398898e-09,"3108/3109/3113/3717/3594/3119/3111/3115/5603/3117/3556/7040/3122/6772/3112/6776/3123/30009/3662/6256/6774/3127/861/4772/10148/3718/3561/246778/4794/3459/3120/50615/2353/4792/3569/5600/4088/2625/3559",39
"Environmental Information Processing","Signal transduction","hsa04064","NF-kappa B signaling pathway","38/1170","105/9380",0.361904761904762,2.9014245014245,7.39633198870457,3.26439343448561e-10,5.91027021822657e-09,4.41280885326586e-09,"958/8792/6357/353376/4615/3383/1896/597/4067/1540/5971/29760/596/7099/4616/4050/10673/4791/7412/330/7124/148022/7128/8837/4792/4049/10912/5743/3576/23586/7706/5328/6387/2919/6351/8600/7185/9560",38
"Organismal Systems","Immune system","hsa04672","Intestinal immune network for IgA production","24/1170","50/9380",0.48,3.84820512820513,7.62280946567403,7.72463243741368e-10,1.32863677923515e-08,9.92005428804704e-09,"3108/3109/3113/3601/958/3119/3111/3115/3600/3117/940/7040/3122/942/3112/3123/3127/10673/941/3695/3120/3569/3586/6387",24
"Human Diseases","Immune disease","hsa05320","Autoimmune thyroid disease","25/1170","54/9380",0.462962962962963,3.71161760050649,7.54357545499331,8.97852674109441e-10,1.47076818996975e-08,1.0981255763544e-08,"3108/3109/3113/958/3119/3111/3133/355/3115/3105/3117/3106/3107/940/3122/942/3112/3123/1493/3134/3127/941/3120/3586/3135",25
"Human Diseases","Infectious disease: bacterial","hsa05150","Staphylococcus aureus infection","34/1170","99/9380",0.343434343434343,2.75334542001209,6.62044701965955,1.314795386708e-08,2.05586187739797e-07,1.53497643232896e-07,"3108/3109/3113/720/3119/3111/3115/718/3117/713/714/717/721/2209/3383/3122/2358/3112/715/3123/716/3683/3127/3075/727/728/629/6404/3120/2215/3858/2204/5724/3586",34
"Human Diseases","Immune disease","hsa05322","Systemic lupus erythematosus","43/1170","143/9380",0.300699300699301,2.41073456458072,6.41722806752869,1.615478731594e-08,2.41619427681886e-07,1.80401286274113e-07,"3108/3109/3113/720/958/3119/3111/3115/718/3117/713/714/717/721/940/2209/3122/942/3112/715/8349/3123/94239/6737/716/3127/727/941/3120/2215/7124/440689/3017/92815/102724334/3014/8334/554313/8347/3586/8357/8365/126961",43
"Environmental Information Processing","Signaling molecules and interaction","hsa04514","Cell adhesion molecule (CAM) interaction","46/1170","160/9380",0.2875,2.30491452991453,6.28457940639981,2.41272015932609e-08,3.4582322283674e-07,2.58203385471739e-07,"3108/3109/3113/958/80380/3119/3111/3133/3115/3105/3117/3106/3107/29126/3384/6402/940/3383/3122/942/3112/3123/1493/6383/5788/9672/3134/3683/3127/1003/1525/5818/941/3695/7412/6404/3120/1462/10666/64115/5133/4897/3135/914/9071/22854",46
"Human Diseases","Infectious disease: parasitic","hsa05144","Malaria","22/1170","50/9380",0.44,3.52752136752137,6.76454571836852,2.95282835305741e-08,4.063091813807e-07,3.03364260272004e-07,"958/3082/4615/22914/3383/7040/7058/6383/7099/3683/7412/7124/1379/3569/3592/6347/3606/7057/3576/1378/3586/1311",22
"Human Diseases","Immune disease","hsa05310","Asthma","17/1170","32/9380",0.53125,4.2590811965812,6.97124647875497,3.43899214780691e-08,4.55005114940606e-07,3.39722301240844e-07,"3108/3109/3113/958/3119/3111/3115/3117/3122/3112/3123/3127/2207/3120/7124/3586/2205",17
"Organismal Systems","Immune system","hsa04620","Toll-like receptor signaling pathway","35/1170","109/9380",0.321100917431193,2.57429624402101,6.24073925966839,5.68559704940987e-08,7.24387179628516e-07,5.408521169809e-07,"4283/958/6373/7100/51311/5603/9641/6773/353376/4615/942/6772/3663/7098/51284/7099/3627/3665/6352/941/5608/7096/7124/148022/10379/2353/4792/3569/3592/1326/5600/3576/6351/6348/9560",35
"Organismal Systems","Immune system","hsa04062","Chemokine signaling pathway","51/1170","193/9380",0.264248704663212,2.11850670918028,5.92693289335243,8.85472075719413e-08,1.08786569302671e-06,8.12237543141116e-07,"4283/3717/3702/1230/5058/6357/6373/653361/6773/1524/54331/5829/6772/4067/3627/6774/7074/6352/3718/6354/196883/1234/2309/58191/6359/6714/6355/53358/2790/4792/2833/107/6347/56288/5567/3576/6374/6387/2919/6351/6346/729230/6362/1235/5473/2788/6348/1232/9560/6376/2784",51
"Cellular Processes","Transport and catabolism","hsa04148","Efferocytosis","44/1170","157/9380",0.280254777070064,2.24682889651042,5.94730485960766,1.10265506071424e-07,1.3079770375369e-06,9.76580162665248e-07,"1901/3717/8578/817/5603/713/23166/714/1524/1374/7040/961/840/55113/10461/286046/3693/834/6256/121601/4772/64805/1847/5734/29933/7301/3690/2621/9023/5732/10062/5600/5743/100133941/7057/64284/26762/3586/1844/575/5029/343702/246/6376",44
"Human Diseases","Infectious disease: viral","hsa05167","Kaposi sarcoma-associated herpesvirus infection","51/1170","196/9380",0.260204081632653,2.08608058608059,5.80061136360525,1.50812238848026e-07,1.72931367212403e-06,1.29116443083924e-06,"3717/9976/1230/578/3133/355/718/3105/5603/9641/6773/3106/64422/3107/54331/3383/942/6772/131450/4277/4067/7098/7538/3134/6774/3665/4772/1026/5608/3459/1234/148022/6714/10379/2790/2353/1870/4792/3569/1869/5600/5743/5155/3576/440738/83439/3135/2919/2788/1232/2784",51
"Environmental Information Processing","Signal transduction","hsa04668","TNF signaling pathway","36/1170","119/9380",0.302521008403361,2.42533936651584,5.90693836007099,2.00419347894103e-07,2.22400824759907e-06,1.6605202338255e-06,"3659/64127/843/355/7424/3600/5603/4318/3383/840/1540/3627/6352/5608/7412/330/7124/7128/79651/2353/1906/8837/4792/3569/6347/1435/3726/4049/1326/5600/5743/9021/6374/2919/7185/6376",36
"Cellular Processes","Transport and catabolism","hsa04145","Phagosome","43/1170","155/9380",0.27741935483871,2.2240970499035,5.80093678993485,2.10227851190187e-07,2.25994940029451e-06,1.68735512139492e-06,"3108/3109/3113/6890/6891/3119/3111/3133/3115/718/3105/653361/3117/3106/3107/2209/81035/83547/1520/3122/4688/3112/715/3123/7058/245972/3693/7099/523/3134/3127/4360/1514/3120/2215/7277/79659/2204/3690/7057/3135/1311/8685",43
"Human Diseases","Infectious disease: bacterial","hsa05133","Pertussis","27/1170","78/9380",0.346153846153846,2.77514792899408,5.94282995970318,3.41171747573462e-07,3.55645700500821e-06,2.65537181524481e-06,"3659/720/718/5603/713/353376/714/717/4615/721/710/840/715/834/7099/716/3394/727/7124/148022/2353/3569/3592/5600/3576/3586/6374",27
"Human Diseases","Infectious disease: viral","hsa05161","Hepatitis B","44/1170","163/9380",0.269938650306748,2.16412353835667,5.65975588043692,3.5502326430611e-07,3.59200008592064e-06,2.68190948887588e-06,"3717/5578/843/355/5603/9641/6773/353376/4615/4318/7040/6772/6776/7098/596/7099/6774/3665/1959/64135/4772/3718/1026/5608/890/332/7124/9134/148022/6714/2353/1870/4792/3569/1869/5111/5600/6775/4088/898/3576/1960/23586/8900",44
"Human Diseases","Infectious disease: parasitic","hsa05145","Toxoplasmosis","34/1170","112/9380",0.303571428571429,2.43376068376068,5.76225251475516,3.97698771789875e-07,3.90881078559191e-06,2.91845113734525e-06,"3108/3109/3113/4261/958/3717/3119/3111/3115/3914/5603/3117/4615/7040/3122/6772/8651/3112/3123/596/7099/6774/3127/5608/3459/1234/3120/330/7124/4792/3592/5600/3586/79444",34
"Organismal Systems","Immune system","hsa04621","NOD-like receptor signaling pathway","48/1170","187/9380",0.25668449197861,2.05786370492253,5.5159651075741,5.40989167251795e-07,5.16945204262826e-06,3.8596887955976e-06,"64127/2634/9447/115361/115362/10628/10616/5027/114769/2635/2633/79792/837/5603/9641/6773/8767/4615/6772/84168/596/10010/834/7099/3665/4210/388646/6352/838/330/7124/148022/7128/7295/10379/10135/4792/3569/91662/6347/3606/5600/4939/4938/3576/4940/440738/2919",48
"Organismal Systems","Development and regeneration","hsa04380","Osteoclast differentiation","39/1170","142/9380",0.274647887323944,2.2018779342723,5.44772498730019,1.015448004213e-06,9.44092198511545e-06,7.04891359965781e-06,"8792/3937/653361/5603/6773/11006/2209/7040/10990/11025/6772/4688/8651/1540/5971/10288/11027/29760/4772/54209/10859/5608/4791/3459/79168/2215/7124/11024/10379/2353/3690/4792/1435/3726/5600/23547/9021/8600/353514",39
"Human Diseases","Infectious disease: bacterial","hsa05152","Tuberculosis","46/1170","181/9380",0.25414364640884,2.03749350710677,5.32051884425799,1.25809133866715e-06,1.13890373816184e-05,8.50344284306882e-06,"64127/3108/3109/3113/4261/972/3717/817/3119/843/3111/3115/718/5993/5603/3117/8767/4615/2209/7040/1520/3122/6772/3112/3123/596/245972/7099/3127/2207/3459/4360/7096/3120/2215/7124/6714/1379/3569/3592/3606/5600/1594/1378/3586/26253",46
"Genetic Information Processing","Replication and repair","hsa03030","DNA replication","16/1170","36/9380",0.444444444444444,3.56315289648623,5.81646299106911,1.96684205954148e-06,1.73485556021095e-05,1.29530219305836e-05,"4174/4175/4173/5422/2237/4176/5426/4171/5984/5985/1763/3978/5427/5983/5111/4172",16
"Cellular Processes","Cell growth and death","hsa04210","Apoptosis","37/1170","137/9380",0.27007299270073,2.1652005739597,5.18625799321851,2.96200729008181e-06,2.54732626947035e-05,1.90192047047358e-05,"10018/5414/8743/843/5366/578/1519/355/1439/597/1520/840/1522/4170/596/27113/4616/3563/1514/1075/332/4001/330/7124/10038/7277/10039/4000/2353/8837/4792/10912/5783/4803/7185/1521/4914",37
"Human Diseases","Infectious disease: viral","hsa05163","Human cytomegalovirus infection","53/1170","227/9380",0.233480176211454,1.8718325238149,5.01953959127011,3.30077988580527e-06,2.76943483101711e-05,2.06775428019637e-05,"6890/6891/5578/1230/578/3133/355/3105/5603/3106/6892/3107/54331/55080/5829/115004/567/9826/3134/6774/6352/4772/1026/5608/196883/1234/5734/7124/6714/2790/1870/3690/4792/3569/107/1869/6347/5732/5567/5600/5743/3576/3135/6387/5733/6351/5156/2788/6348/1232/9560/6376/2784",53
"Organismal Systems","Immune system","hsa04610","Complement and coagulation cascades","27/1170","88/9380",0.306818181818182,2.45979020979021,5.19369930961365,4.91794460318228e-06,4.02803081784453e-05,3.00746487011648e-05,"720/7056/1604/718/713/714/717/721/710/715/9002/716/3075/2162/2/727/728/629/10544/1379/2151/7035/2152/1378/5328/7450/3818",27
"Environmental Information Processing","Signal transduction","hsa04630","JAK-STAT signaling pathway","42/1170","168/9380",0.25,2.0042735042735,4.95826005556567,5.67788996589245e-06,4.54231197271396e-05,3.39144467974971e-05,"3601/3717/3594/5008/1439/3600/1154/6773/133396/6772/8651/5771/6776/4170/596/6774/3563/3718/3561/1026/246778/3459/5292/50615/10379/7066/116379/3595/3569/3592/3574/6775/5155/3586/3575/9021/3977/5156/3559/8835/5618/2670",42
"Human Diseases","Cancer: overview","hsa05203","Viral carcinogenesis","48/1170","205/9380",0.234146341463415,1.87717323327079,4.79356791847485,8.76998419581094e-06,6.8565330985431e-05,5.11932091812887e-05,"5366/578/3133/718/3105/3106/3107/5423/5829/4067/8349/6776/245972/3134/6774/3665/1959/2959/3718/1026/85477/991/4791/890/1234/983/9134/6714/10379/440689/3017/1111/4792/2648/1030/102724334/5933/554313/5567/898/1960/3249/8347/3135/8365/7185/8900/1232",48
"Human Diseases","Infectious disease: viral","hsa05162","Measles","34/1170","136/9380",0.25,2.0042735042735,4.45339390996301,4.32586961054419e-05,0.000330688699117156,0.000246903435081353,"578/355/9641/6773/4615/940/6772/6776/596/51284/7099/27113/103/6774/3665/64135/3718/3561/9134/7128/10379/2353/4792/3569/3592/6504/7161/4939/4938/898/4940/23586/4599/3559",34
"Cellular Processes","Cell growth and death","hsa04218","Cellular senescence","37/1170","157/9380",0.235668789808917,1.88937884479286,4.24228788767455,7.93119050735262e-05,0.000593115116202022,0.000442839927641657,"3133/3105/5603/3106/3107/7040/22808/3134/4616/4772/4683/1026/9133/5608/890/2309/983/9134/993/1111/4605/1870/3569/1030/2305/5933/1869/10912/3486/5600/286826/4088/898/3576/3135/776/8900",37
"Organismal Systems","Immune system","hsa04622","RIG-I-like receptor signaling pathway","21/1170","72/9380",0.291666666666667,2.33831908831909,4.30325768940813,0.000123407679096628,0.000903239183175318,0.00067438910861315,"843/5603/9641/57169/1540/10010/3627/103/3665/64135/79132/9755/7124/54941/4792/3592/5600/3576/23586/7706/9636",21
"Human Diseases","Infectious disease: viral","hsa05170","Human immunodeficiency virus 1 infection","46/1170","214/9380",0.214953271028037,1.72330058311367,4.04050264761934,0.000126728077302525,0.000908217887334762,0.000678106378548599,"6890/6891/5578/5058/200316/578/60489/3133/355/3105/5603/3106/6892/3107/3985/54331/4615/140564/55080/8906/5829/115004/567/596/8454/7099/3134/200315/4772/9133/5608/1234/983/7124/7465/1111/2790/2353/9582/995/4792/5600/684/3135/2788/2784",46
"Human Diseases","Endocrine and metabolic disease","hsa04933","AGE-RAGE signaling pathway in diabetic complications","26/1170","101/9380",0.257425742574257,2.06380638063806,4.05762876494073,0.000201102562755294,0.00141182207322084,0.00105411439983441,"3717/5578/7056/7424/5603/3383/7040/6772/6776/596/6774/183/4772/113026/5292/7412/7124/1906/3569/6347/84812/2152/5600/4088/3576/1286",26
"Cellular Processes","Cell growth and death","hsa04115","p53 signaling pathway","21/1170","75/9380",0.28,2.24478632478632,4.0857037359891,0.000232461286662576,0.00159933365223853,0.00119411692517197,"5366/355/596/27244/84883/27113/4616/1026/9133/143686/983/9134/51512/1111/6241/10912/3486/7161/7057/898/575",21
"Human Diseases","Infectious disease: parasitic","hsa05143","African trypanosomiasis","13/1170","37/9380",0.351351351351351,2.81681681681682,4.17992461173181,0.000326866293994745,0.00220474519870966,0.00164613778606229,"8542/5578/3620/355/4615/3383/169355/7412/7124/3569/3592/3606/3586",13
"Organismal Systems","Immune system","hsa04625","C-type lectin receptor signaling pathway","26/1170","105/9380",0.247619047619048,1.98518518518519,3.83226191443518,0.000390343329633193,0.00258227125757343,0.00192801158766193,"3659/5058/5603/9641/6773/6772/22808/1540/5971/834/1959/4772/93978/4791/2207/7124/6714/10379/4792/3569/3592/5600/5743/1960/3586/26253",26
"Human Diseases","Infectious disease: viral","hsa05171","Coronavirus disease - COVID-19","48/1170","239/9380",0.200836820083682,1.61012766870507,3.60680311868592,0.000488715946497437,0.00317204312443619,0.00236835533158639,"8829/720/5578/718/51311/5603/9641/6773/713/714/717/4615/721/115004/6772/715/7098/51284/834/7099/3627/103/6774/716/64135/2162/727/728/629/1636/7124/10379/1839/2353/4792/3569/3592/116832/6347/5600/4939/4938/3576/4940/23586/4599/7450/9636",48
"Cellular Processes","Cell growth and death","hsa04217","Necroptosis","36/1170","168/9380",0.214285714285714,1.71794871794872,3.54462846525546,0.000703863400686874,0.00448387055252379,0.00334781032685375,"10616/3717/817/8743/355/6773/5321/353376/2752/6772/81030/1540/6776/94239/8605/7098/596/834/7099/6774/3718/3459/330/7124/148022/7128/10379/92421/8837/90865/92815/3014/100137049/8334/6775/246",36
"Human Diseases","Infectious disease: bacterial","hsa05134","Legionellosis","16/1170","56/9380",0.285714285714286,2.29059829059829,3.65665162907652,0.000986996752031822,0.00617321604907176,0.00460913315781368,"7100/718/4615/840/834/7099/4791/7124/1379/4792/3569/3592/3606/3576/1378/2919",16
"Environmental Information Processing","Signal transduction","hsa04020","Calcium signaling pathway","49/1170","254/9380",0.192913385826772,1.54660475132916,3.33387758228183,0.00109480815753017,0.00672525011054248,0.00502130057213086,"116443/952/5027/5578/3082/6546/57105/817/7424/10800/53373/57620/3274/255231/5025/57118/6261/8536/4772/113026/10345/196883/2260/1909/56034/5724/3269/107/84812/6543/5567/5155/2321/8911/153/3357/2255/5733/4803/776/3706/5156/7134/4914/5137/135/85366/4923/2902",49
"Human Diseases","Cancer: overview","hsa05235","PD-L1 expression and PD-1 checkpoint pathway in cancer","22/1170","90/9380",0.244444444444444,1.95973409306743,3.45353562775122,0.00127748878231991,0.00770975686172015,0.00575636681230023,"3717/55509/116071/5603/353376/29126/4615/940/6772/27436/7099/6774/4772/4794/5608/3459/148022/2353/5133/4792/5600/10125",22
"Organismal Systems","Endocrine system","hsa04924","Renin secretion","18/1170","69/9380",0.260869565217391,2.09141583054627,3.43491702884811,0.00156582251808828,0.0092869473486615,0.00693395089679745,"3759/183/3778/5140/5734/1636/1909/5139/1906/4881/5732/5567/2977/153/2983/776/2982/5137",18
"Human Diseases","Infectious disease: parasitic","hsa05142","Chagas disease","24/1170","103/9380",0.233009708737864,1.86806074184715,3.34398691933165,0.00160486474192057,0.00935717747831652,0.00698638710131344,"355/718/5603/713/714/4615/7040/7099/6352/3459/1636/7124/148022/2353/8837/4792/3569/3592/107/6347/5600/3576/3586/6348",24
"Organismal Systems","Immune system","hsa04613","Neutrophil extracellular trap formation","39/1170","195/9380",0.2,1.6034188034188,3.21437235951671,0.00172162827925423,0.00987066880105759,0.00736977719540408,"5578/79792/837/718/51311/653361/5603/2209/2358/4688/8349/94239/51284/834/7099/3683/727/728/6404/2215/6714/1379/440689/1183/3017/3690/92815/102724334/3014/8334/554313/5600/8347/1378/8357/7450/8365/366/126961",39
"Human Diseases","Cardiovascular disease","hsa05417","Lipid and atherosclerosis","42/1170","216/9380",0.194444444444444,1.55887939221273,3.13690994850118,0.00205881432642365,0.0114659520771705,0.00856086997193884,"958/3717/5578/817/8743/355/653361/5603/9641/353376/4615/4318/3383/840/4688/4067/596/10010/834/7099/6256/6774/3665/6352/4772/1543/5608/7412/7124/148022/6714/2353/4792/3569/3592/4780/6347/3606/5600/3576/2919/6348",42
"Genetic Information Processing","Replication and repair","hsa03410","Base excision repair","13/1170","44/9380",0.295454545454545,2.36868686868687,3.43518109939559,0.00206653787437376,0.0114659520771705,0.00856086997193884,"5423/10038/2237/5426/10039/5984/7374/5985/3978/5427/5983/55247/5111",13
"Organismal Systems","Endocrine system","hsa04917","Prolactin signaling pathway","18/1170","71/9380",0.253521126760563,2.03250270855905,3.29661688762105,0.00221628328102659,0.0121016102963992,0.00903547402791124,"3659/8792/3717/1154/5603/6772/8651/6776/6774/2309/6714/53358/2353/5600/9021/8600/8835/5618",18
"Human Diseases","Drug resistance: antineoplastic","hsa01523","Antifolate resistance","10/1170","30/9380",0.333333333333333,2.67236467236467,3.46326263196152,0.00249573657003444,0.0132307674165752,0.00987854115558245,"9429/4524/10257/1719/8714/7124/3569/6470/113235/7298",10
"Organismal Systems","Immune system","hsa04623","Cytosolic DNA-sensing pathway","20/1170","83/9380",0.240963855421687,1.93182988363711,3.21887331886885,0.00249999965720171,0.0132307674165752,0.00987854115558245,"9447/79792/9641/115004/840/81030/834/3627/103/3665/4210/6352/90865/4792/3569/3606/23586/6351/653082/9560",20
"Organismal Systems","Immune system","hsa04662","B cell receptor signaling pathway","21/1170","91/9380",0.230769230769231,1.85009861932939,3.07613326246893,0.00345593425676521,0.0180127482473823,0.0134489307599794,"27071/11006/55024/10990/11025/4067/10288/11027/29760/4772/118788/10859/4794/971/79168/8519/11024/2353/4792/23547/353514",21
"Cellular Processes","Cell growth and death","hsa04215","Apoptosis - multiple species","10/1170","32/9380",0.3125,2.50534188034188,3.21995944552229,0.00424618244071949,0.021801294919515,0.0162775886179977,"10018/5414/5366/578/840/596/27113/332/330/79444",10
"Human Diseases","Cardiovascular disease","hsa05410","Hypertrophic cardiomyopathy","22/1170","99/9380",0.222222222222222,1.78157644824311,2.95115007479334,0.00456962219966908,0.0228044195900719,0.0170265556302863,"6546/7040/3693/55799/183/3679/3695/1636/7124/93589/6645/4000/8082/1906/3690/3569/1674/4625/6543/776/7134/6444",22
"Human Diseases","Cardiovascular disease","hsa05414","Dilated cardiomyopathy","23/1170","105/9380",0.219047619047619,1.75612535612536,2.94124439586784,0.00457414230149699,0.0228044195900719,0.0170265556302863,"6546/7040/3693/55799/183/3679/3695/196883/7124/93589/6645/4000/8082/3690/1674/107/4625/6543/5567/153/776/7134/6444",23
"Human Diseases","Immune disease","hsa05340","Primary immunodeficiency","11/1170","38/9380",0.289473684210526,2.32073774179037,3.07955578529224,0.00531203654914709,0.0256001613841252,0.0191139515842306,"4261/6890/958/6891/5993/29760/5788/3718/3561/7374/3575",11
"Genetic Information Processing","Replication and repair","hsa03460","Fanconi anemia pathway","14/1170","54/9380",0.259259259259259,2.07850585628363,3.00034573606843,0.00532250691471103,0.0256001613841252,0.0191139515842306,"116028/672/2178/5888/55215/378708/641/146956/2189/29089/2177/2175/2187/100526739",14
"Human Diseases","Cancer: overview","hsa05202","Transcriptional misregulation in cancer","38/1170","201/9380",0.189054726368159,1.51566951566952,2.78978941683311,0.00535817331295643,0.0256001613841252,0.0191139515842306,"4094/958/578/5371/51513/2209/4318/597/942/1031/6256/861/4616/1026/3695/890/85414/604/330/3569/860/2115/10912/8013/3486/26471/3576/5328/2321/8357/8842/7185/3248/8900/5079/7850/126961/4914",38
"Organismal Systems","Sensory system","hsa04750","Inflammatory mediator regulation of TRP channels","21/1170","99/9380",0.212121212121212,1.7005957005957,2.64537532938782,0.0095569067665311,0.0450352866806397,0.0336248774482132,"5578/817/5603/5321/3556/8605/41/5608/196883/5734/6714/3269/107/100137049/5732/5567/5600/3357/4803/5029/4914",21
